1,22-Feb-17,EEA et al,Human biomonitoring as a tool to support chemicals regulation in the European Union,24-Jan-17,2,"International Journal of Hygiene and Environmental Health.Volume 220, Issue 2, Part A, March 2017, Pages 94-97",,https://www.sciencedirect.com/science/article/pii/S1438463916303613?via%3Dihub,International Journal of Hygiene and Environmental Health,"Catherine Ganzleben, Jean-Philippe Antignac, Robert Barouki, Argelia Castaño, Ulrike Fiddicke, Jana Klánová, Erik Lebret, Nicolas Olea, Dimosthenis Sarigiannis, Greet R. Schoeters, Ovnair Sepai, Hanna Tolonen, Marike Kolossa-Gehringe",catherine.ganzleben@eea.europa.eu,access via institutional login/e-mail OR purchase PDF,,,,,,,,,
2,21-Sep-18,VITO et al,Development of policy relevant human biomonitoring indicators for chemical exposure in the European population' ,17-Sep-18,5,"Int. J. Environ. Res. Public Health 2018, 15, 2085",,https://www.mdpi.com/1660-4601/15/10/2085,International Journal of Environmental Research and Public Health,"Jurgen Buekers, Madlen David, Gudrun Koppen, Jos Bessems, Martin Scheringer, Erik Lebret, Denis Sarigiannis, Marike Kolossa-Gehring, Marika Berglund, Greet Schoeters and Xenia Trier",jurgen.buekers@vito.be,full text and PDF - Free,,,,,,,,,
3,23-Dec-18,MUI,Annotating Nontargeted LC-HRMS/MS Data with Two Complementary Tandem Mass Spectral Libraries ,21/12/2018,16,Metabolites,herbert.oberacher@i-med.ac.at,https://www.mdpi.com/2218-1989/9/1/3,Metabolites. 2019 Jan; 9(1): 3,"Herbert Oberacher, Vera Reinstadler, Marco Kreidl, Michael A. Stravs, Juliane Hollender and Emma L. Schymanski",jean-philippe.antignac@oniris-nantes.fr,full text and PDF - Free JEAN-Philippe is informed,,,,,,,,,
4,29-Jan-19,"AUTH.  Sarigiannis, D.A., Karakitsios, S., Dominguez-Romero, E., Papadaki, K., Brochot, C., Kumar, V., Schumacher, M., Sy, M., Mielke, H., Greiner, M., Mengelers, M., Scheringer, M. ","Physiology-based toxicokinetic modeling in the frame of the European Human
Biomonitoring Initiative",28/01/2019,12,Environmental Research,denis@eng.auth.gr.,https://www.sciencedirect.com/science/article/pii/S0013935119300519?via%3Dihub,Environmental Research,"Dimosthenis A. Sarigiannis, Spyros Karakitsios, Elena Dominguez-Romero, Krystalia Papadaki,  Celine Brochot,  Vikas Kumare, Marta Schuhmacher,  Moustapha Sy, Hans Mielke, Mathias Greiner, Marcel Mengelers, Martin Scheringer",Dennis denis@eng.auth.gr,Not open access publication ,,,,,,,,,
5,26-Feb-19,"MU (Lola Bajard, Lisa Melymuk and Ludek Blaha*)",Prioritization of hazards of novel FRs using the mechanistic toxicology information from ToxCast and AOPs,08-Feb-19,13,Bajard et al. Environ Sci Eur (2019) 31:14,blaha@recetox.muni.cz,https://doi.org/10.1186/s12302-019-0195-z,Environmental Sciences Europe,"Lola Bajard, Lisa Melymuk & Ludek Blaha","Ludek Blaha, Lola Bajard lola.bajard@recetox.muni.cz",Open access. PDF - Free,,,,,,,,,
6,13-Apr-19,MU,Past uses of legacy SVOCs influence today’s indoor levels and human exposure, 1 April 2019,13,"Environment International (HBM4EU referenced, no funding so not necessary to mention the H2020 funding.)",melymuk@recetox.muni.cz, https://www.sciencedirect.com/science/article/pii/S0160412018327119,Environment International,"Hale Demirtepe, Lisa Melymuk, Miriam L. Diamond, Lola Bajard, Šimon Vojta, Roman Prokeš, Ond?ej Sá?ka, Jana Klánová, ?ubica Palkovi?ová Murínová, Denisa Richterová, VladimíraRašplová, TomášTrnovec", Lisa melymuk melymuk@recetox.muni.cz,Open access. PDF - Free,,,,,,,,,
7,15-May-19,VITO,"A strategy to validate the selection of human effect biomarkers using adverse outcome pathways:
proof of concept for phthalates",10/05/2019,13 and 14,International Journal of Hygiene and Environmental Health (Gold open access),kirsten.baken@vito.be ,https://www.sciencedirect.com/science/article/pii/S0013935119302658?via%3Dihub#,Environmental Research,"Kirsten A. Baken, Nathalie Lambrechts, Sylvie Remy, Vicente Mustieles, Andrea Rodríguez-Carrillo, Christiana M. Neophytou, Nicolas Olea, Greet Schoeters",kirsten.baken@vito.be,full text and PDF - Free,,,,,,,,,
8,05-Jun-19,"INSA - Louro, H., Heinälä, M., Bessems, J., Buekers, J., Vermeire, T., Woutersen, M., van Engelen, J.,  Borges, T., Rousselle, C., Ougier, E., Alvito, P., Martins, C., Assunção, R., Silva,M.J., Pronk, A., Schaddelee-Scholten, B., Gonzalez, M., Alba, M., Castaño, A., Viegas, S., Humar-Juric, T., Kononenko, L., Lampen, A., Vinggaard, A.M., Schoeters, G., Kolossa-Gehring, M., Santonen, T.",Human biomonitoring in Health Risk Assessment in Europe: current practices and recommendations for the future,28-May-19,5,International Journal of Hygiene and Environmental Health 222 (2019) 727–737. https://doi.org/10.1016/j.ijheh.2019.05.009,tiina.santonen@ttl.fi  ,https://www.sciencedirect.com/science/article/pii/S1438463919301543 ,International Journal of Hygiene and Environmental Health,"Henriqueta Louro, Milla Heinälä, Jos Bessems, Jurgen Buekers, Theo Vermeire, Marjolijn Woutersen, Jacqueline van Engelen, Teresa Borges, Christophe Rousselle, Eva Ougier, Paula Alvito, Carla Martins, Ricardo Assunção, Maria João Silva, Anjoeka Pronk, Bernice Schaddelee-Scholten, Maria Del Carmen Gonzalez, Mercedes de Alba, Argelia Castaño, Susana Viegas, Tatjana Humar-Juric, Lijana Kononenko, Alfonso Lampen, Anne Marie Vinggaard, Greet Schoeters, Marike Kolossa-Gehring, Tiina Santonen",Henriqueta Louro <Henriqueta.Louro@insa.min-saude.pt>,full text and PDF - Free sent key messages 29/04,,,,,,,,,
9,21-Jun-19,"LSMU. Strumylaite L., Kregzdyte R., Bogusevicius A, Poskiene L. Baranauskiene D., and D. Pranys (2019). ","Cadmium Exposure and Risk of Breast Cancer by Histological and Tumor Receptor Subtype in White Caucasian Women: A Hospital-Based Case-Control Study. Int. J. Mol. Sci. 2019, 20(12), 3029; ",18-Jun-19,13,International Journal of Molecular Sciences,ludek.blaha@recetox.munic.cz ,https://doi.org/10.3390/ijms20123029,International Journal of Molecular Sciences,"Loreta Strumylaite, Rima Kregzdyte, Algirdas Bogusevicius, Lina Poskiene, Dale Baranauskiene and Darius Pranys",loreta.strumylaite@lsmuni.lt,full text and PDF - Free she sent key research messages 19/4,,,,,,,,,
10,22-Jun-19,MU,"Phthalate pharmacokinetics in the adult human and rat: influence of phthalate hydrophobicity, exposure route and other factors: a review of experimental and mechanistic data",13/05/2019,12,,dominguez@recetox.muni.cz,https://www.tandfonline.com/doi/full/10.1080/03602532.2019.1620762?scroll=top&needAccess=true,Drug Metabolism Reviews,"
Elena Domínguez-Romero, Martin Scheringer",Dennis ,PDF - Free,,,,,,,,,
11,10-Jul-19,"FIOH- Santonen T., Alimonti A. Bocca B., Duca C.D., Galea K.S., Godderis L., Göen T., Gomes B., Hanser O., Iavicoli I., Janasik B., Jones K., Kiilunen M., Koch H.M., Leese E., Leso V., Louro H., Ndaw S., Porras S.P., Robert A., Ruggieri F., Scheepers P.T J , Silva M.J., Viegas S.,  Wasowicz W., Castano A., Sepai, O.",Setting Up a Collaborative European Human Biological Monitoring Study on Occupational Exposure to Hexavalent Chromium,09/07/2019,8,"Environ Res, 177, 108583.  DOI: 10.1016/j.envres.2019.108583",tiina.santonen@ttl.fi  ,https://www.sciencedirect.com/science/article/pii/S0013935119303809?via%3Dihub,Environmental Research,"Tiina Santonen, Alessandro Alimonti, Beatrice Bocca, Radu Corneliu Duca, Karen S. Galea, Lode Godderis, Thomas Göen, Bruno Gomes. Ogier Hanser, Ivo Iavicoli,  Beata Janasik, Kate Jones, Mirja Kiilunen, Holger M. Koch, Elizabeth Leese, Veruscka Leso, Henriqueta Louro, Sophie Ndaw, Simo P. Porras, Alain Robert, Flavia Ruggieri, Paul T.J. Scheepers, Maria J.Silva, Susana Viegas, Wojciech Wasowicz, Argelia Castano, Ovnair Sepai","WP8. Tiina, Ovnair, Beatrice, Henriqueta etc.",PDF - Free,,,,,,,,,
12,09-Oct-19,"INSERM. Marylène Rugard, Xavier Coumoul, Jean-Charles Carvaillo, Robert Barouki, Karine Audouze",Deciphering adverse outcome pathway network linked to Bisphenol F using text mining and systems toxicology approaches,2019  (date not found),13,Toxicological sciences,audouze.p7@gmail.com,https://academic.oup.com/toxsci/advance-article/doi/10.1093/toxsci/kfz214/5584266?guestAccessKey=1434cff0-84de-4e54-8673-a503ecd4cc5a,Toxicological Sciences,"Marylène Rugard, Xavier Coumoul, Jean-Charles Carvaillo, Robert Barouki, Karine Audouze",Karine Audouze audouze.p7@gmail.com,full text and PDF - Free She sent key research messages  7/05 ,,,,,,,,,
13,09-Dec-19,,Pesticides with potential Thyroid Hormone-Disrupting Effects: A review of recent data,2019 Dec 9;10:743 ,WP13/14,,,https://doi.org/10.3389/fendo.2019.00743,Frontiers in Endocrinology (Lausanne).,"Michelle Leemans, Stephan Couderq, Barbara Demeneix and Jean-Baptiste Fini",,Open access. PDF - Free,,,,,,,,,
14,16-Dec-19,,Transcriptomic effect marker patterns of genotoxins – a comparative study with literature data,?,,,,https://doi.org/10.1002/jat.3928,Journal of Applied Toxicology,"Katrin Kreuzer,  Falko Frenzel,  Alfonso Lampen,  Albert Braeuning,  Linda Böhmert",,Open access. PDF - Free,,,,,,,,,
15,06-Mar-20,,"Testing for thyroid hormone disruptors, a review of non-mammalian in vivo models",2020 May 15;508:110779,14,,,https://doi.org/10.1016/j.mce.2020.110779,Molecular and Cellular Endocrinology ,"Stephan Couderq, Michelle Leemans, Jean-Baptiste Fini",fini@mnhn.fr,no open access,,,,,,,,,
16,13-Mar-20,,"Dietary Intake of Acrylamide and Risk of Breast, Endometrial, and Ovarian Cancers: A Systematic Review and Dose–Response Meta-analysis",10/03/2020,13 (13.2),Int J Epidemiol,"Giorgia Adani1, Tommaso Filippini1, Lauren A Wise2, Thorhallur I Halldorsson3,4, Ludek Blaha5,
Marco Vinceti1,2*","Dietary Intake of Acrylamide and Risk of Breast, Endometrial, and Ovarian Cancers: A Systematic Review and Dose–Response Meta-analysis | Cancer Epidemiology, Biomarkers & Prevention (aacrjournals.org)","AACR Publications/Cancer Epidemiology, Biomarkers & Prevention","Giorgia Adani, Tommaso Filippini, Lauren A. Wise, Thorhallur I. Halldorsson, Ludek Blaha, and Marco Vinceti",marco.vinceti@unimore.it,Open access. PDF - Free research messages sent 20/04,,,,,,,,,
17,13-Mar-20,"MUI, INRA, UFZ, Uantwerpen, CEA, VU-E&H",A European proposal for quality control and quality assurance of tandem mass spectral libraries,22/02/2020,WP16,Environment Sciences Europe,herbert.oberacher@i-med.ac.at,https://enveurope.springeropen.com/articles/10.1186/s12302-020-00314-9,Environ Sci Eur (2020) 32:43,"Herbert Oberacher, Michael Sasse, Jean-Philippe Antignac, Yann Guitton, Laurent Debrauwer, Emilien L. Jamin, Tobias Schulze, Martin Krauss, Adrian Covaci, Noelia Caballero-Casero, Kathleen Rousseau, Annelaure Damont, François Fenaille, Marja Lamoree & Emma L. Schymanski",Added: Jean Philippe ANTIGNAC <jean-philippe.antignac@oniris-nantes.fr>,Open access. PDF - Free jean-philippe is informed,,,,,,,,,
18,21-Mar-20,MU,"""Comparison of polycyclic aromatic hydrocarbon metabolite concentrations in urine of mothers and their newborns""",20/03/2020,13,Science of the Total Environment,Ludek as WPL. Corresponding author Jana.Pulkrabova@vscht.cz,https://www.sciencedirect.com/science/article/pii/S0048969720316296,Science of The Total Environment,"Katerina Urbancova, Darina Dvorakova, Tomas Gramblicka, Radim J. Sram, Jana Hajslova, Jana Pulkrabova",Ludek and Jana P. Pulkrabova Jana <Jana.Pulkrabova@vscht.cz>,PDF - Free,,,,,,,,,
19,28-Mar-20,,Identification of a transcriptomic signature of food-relevant genotoxins in human HepaRG hepatocarcinoma cells,accepted Science Direct 18 March 2020,,,,https://doi.org/10.1016/j.fct.2020.111297,Food and Chemical Toxicology,"Katrin Kreuzer, Linda Böhmert, Deema Alhalabi, Thorsten Buhrke, Alfonso Lampen, Albert Braeuning",?????,no open access,,,,,,,,,
20,09-Apr-20,INSERM 15.3,"Relying on repeated biospecimens to reduce the effects of exposure measurement error in studies
linking the exposome to health",04/04/2020,15,Epidemiology,"Lydiane Agier, Rémy Slama,*, Xavier Basagaña*."," https://www.sciencedirect.com/science/article/abs/pii/S0013935120303856?via%3Dihub                                                            * Equally contributed last authorship   e-mails? Have emailed Mirjam from WP15, and asked.",Environmental Research,"Lydiane Agier, Rémy Slama, Xavier Basagaña",lydiane.agier@univ-grenoble-alpes.fr; xavier.basagana@isglobal.org,not open access publication,,,,,,,,,
21,09-Apr-20,,Towards Harmonized Biobanking for Biomonitoring: A Comparison of Human Biomonitoring-Related and Clinical Biorepositories,?,?,,,https://www.liebertpub.com/doi/full/10.1089/bio.2019.0092,Biopreservation and Biobanking,"Dominik Lermen, Frederik Gwinner, Martina Bartel-Steinbach, Sabine C. Mueller, Jens K. Habermann, Matharoo-Ball Balwir, Elke Smits, Ana Virgolino, Ulrike Fiddicke, Marika Berglund, Agneta Åkesson, Anna Bergstrom, Karin Leander, Milena Horvat, Janja Snoj Tratnik, Manuel Posada de la Paz, Argelia Castaño Calvo, Marta Esteban López, Hagen von Briesen, Heiko Zimmermann and Marike Kolossa-Gehring",dominik.lermen@ibmt.fraunhofer.de,free access,,,,,,,,,
22,17-Apr-19,"Carvaillo Jean-Charles 1,2, Barouki Robert 1,2, Coumoul Xavier 1, 2, Audouze Karine ",Linking Bisphenol S to Adverse Outcome Pathways Using a Combined Text Mining and Systems Biology Approach.,19-Mar-19,13,Environmental Health Perspectives,audouze.p7@gmail.com,https://www.ncbi.nlm.nih.gov/pmc/articles/PMC6785233/,Environ Health Perspect.,"Jean-Charles Carvaillo, Robert Barouki, Xavier Coumoul and Karine Audouze",Karine Audouze,open access. PDF - Free she sent the key messages on the 7 /05,,,,,,,,,
23,21-Apr-20,,Biomonitoring for occupational exposure to diisocyanates: a systematic review,02-Apr-20,8,Annals of Work Exposures and Health,"Bernice Scholten, Laura Kenny, Radu-Corneliu Duca, Anjoeka Pronk, Tiina Santonen,
Karen S. Galea, Miranda Loh, Katriina Huumonen, Anne Sleeuwenhoek, Matteo Creta, Kate
Jones. Contact: bernice.schaddelee@tno.nl",https://academic.oup.com/annweh/advance-article/doi/10.1093/annweh/wxaa038/5822987,Annals of Work Exposures and Health,"Bernice Scholten, Laura Kenny, Radu-Corneliu Duca, Anjoeka Pronk, Tiina Santonen, Karen S Galea, Miranda Loh, Katriina Huumonen, Anne Sleeuwenhoek, Matteo Creta,  Lode Godderis, Kate Jones",Bernice Scholten and Kate Jones,Open access. PDF - Free sent key messages 4/05,,,,,,,,,
24,29-Apr-20,"INRA, MU, Uantwerpen, MUI, VU-E&H, CEA, IRAS, UFZ, AUTH, INSERM","Suspect and non-targeted screening of emerging chemicals for biomonitoring and environmental health studies: current capabilities, promises, and challenges.",02-Feb-20,16,Environment International,jean-philippe.antignac@oniris-nantes.fr,https://www.sciencedirect.com/science/article/pii/S0160412019338310?via%3Dihub,Environment International 138C (2020) 105545,"Marianne Pourchet, Laurent Debrauwer, Jana Klanova, Elliott J. Price, Adrian Covaci, Noelia Caballero-Casero, Herbert Oberacher, Marja Lamoree, Annelaure Damont, François Fenaille, Jelle Vlaanderen, Jeroen Meijer, Martin Krauss, Denis Sarigiannis, Robert Barouki, Bruno Le Bizec, Jean-Philippe Antignac",Jean-Philippe laberca@oniris-nantes.fr,"NOW Open Access. PDF free  -                                                                                 Message by Jean-Philippe->Dear Joanna,
Indeed I had a problem with the publication process following a proof issue, and I am in contact with the publisher to solve it and obtain now asap the public delivery of this paper that is indeed accepted already for a while...Best                                                                     INRA, MU, Uantwerpen, MUI, VU-E&H, CEA, IRAS, UFZ, AUTH, INSERM",,,,,,,,,
25,01-May-20,,Biomonitoring of co-exposure to bisphenols by consumers of canned foodstuffs,21 APRIL 2020,,,,https://doi.org/10.1016/j.envint.2020.105760,"Environment International, Volume 140, July 2020, 105760","Neus González, Montse Marquès, Sara C. Cunha, José O. Fernandes, José L. Domingo, Martí Nadal",,"posted on: Facebook, Twitter ",,,,,,,,,
26,21-May-20,,"Bisphenols and oxidative stress biomarkers – Associations found in  human studies, evaluation of methods used, and strengths and weaknesses of  the biomarkers",15-May-20,14,,,https://doi.org/10.3390/ijerph17103609,ijerph-804081 (International Journal of Environmental Research and Public Health),"Inger-Lise Steffensen, Hubert Dirven, Stephan Couderq, Arthur David, Shereen Cynthia D'Cruz, Mariana F. Fernández, Vicente Mustieles, Andrea Rodríguez-Carillo, Tim Hofer ",Tim.Hofer@fhi.no,Open access. PDF - Free key messagent sent 21 april,,,,,,,,,
27,09-Jun-20,,Bisphenol A shapes children's brain and behavior: towards an integrated neurotoxicity assessment including human data. ,,Wp14,,,https://ehjournal.biomedcentral.com/articles/10.1186/s12940-020-00620-y,Environ Health. 2020 Jun 9;19(1):66,"Vicente Mustieles, Mariana F. Fernández",vmustieles@ugr.es; marieta@ugr.es;,Open access. PDF - Free,,,,,,,,,
28,11-Jul-20,,Biomonitoring of occupational exposure to phthalates: A systematic review,22 APRIL 2020,8,,,https://doi.org/10.1016/j.ijheh.2020.113548,"International Journal of Hygiene and Environmental Health, Volume 229, August 2020, 113548","Nadine Fréry, Tiina Santonen, Simo P. Porras, Aleksandra Fucic, Veruscka Leso, Radia Bousoumah, Radu Corneliu Duca, Mounia El Yamani, Marike Kolossa-Gehring, Sophie Ndaw, Susana Viegas, Ivo Iavicoli",nadine.frery@santepubliquefrance.fr,"posted on: Facebook, Twitter ",,,,,,,,,
29,13-Aug-20,,Biomonitoring as an Underused Exposure Assessment Tool in Occupational Safety and Health Context—Challenges andWay Forward I could not find it on the website,11/08/2020,14,,,https://www.mdpi.com/1660-4601/17/16/5884,International Journal of Environmental Research and Public Health,"Susana Viegas, Maryam Zare Jeddi, Nancy B. Hopf, Jos Bessems, Nicole Palmen, Karen S. Galea, Kate Jones, Peter Kujath, Radu-Corneliu Duca, Hans Verhagen, Tiina Santonen and Robert Pasanen-Kase",susana.viegas@ensp.unl.pt,announced on social media sent key messages 25/04,,,,,,,,,
30,26-Aug-20,,Assessment of perfluoroalkyl substances in placenta by coupling salt assisted liquid-liquid extraction with dispersive liquid-liquid microextraction prior to liquid chromatography-tandem mass spectrometry,,WP14,,,https://www.sciencedirect.com/science/article/pii/S0039914020308687?via%3Dihub,,"F.Vela-Soria, J.García-Villanova, V.Mustieles, T.de Haro, J.P.Antignac, M.F.Fernandez",fervs@ugr.es,Open access. PDF - Free,,,,,,,,,
31,28-Aug-20,,Bisphenol A and its analogues: A comprehensive review to identify and prioritize effect biomarkers for human biomonitoring.,07-May-20,WP14,,,https://www.sciencedirect.com/science/article/pii/S0160412020317669?via%3Dihub,Environ Int. 2020 Nov;144:105811,"Vicente Mustieles, Shereen Cynthia D'Cruz, Stephan Couderq, Andrea Rodríguez-Carrillo, Jean-Baptiste Fini, Tim Hofer, Inger-Lise Steffensen, Hubert Dirven, Robert Barouki, Nicolás Olea, Mariana F. Fernández, Arthur David",vmustieles@ugr.es; marieta@ugr.es;arthur.david@ehesp.fr,Open access. PDF - Free,,,,,,,,,
32,10-Sep-20,,learning from the previous work and finding synergies in the domains of environmental and public health: EU-funded projects BRIDGE Health and HBM4EU,MAR.20,WP11,,,https://archpublichealth.biomedcentral.com/articles/10.1186/s13690-020-00460-9 ,Archives of Public Health,"Madlen David, Gerda Schwedler, Lena Reiber, Hanna Tolonen, Anna-Maria Andersson, Marta Esteban López, Anke Joas, Miriam Schöpel, Alexandra Polcher & Marike Kolossa-Gehring",Madlen.David@uba.de,Open access. PDF - Free,,,,,,,,,
33,09-Oct-20,,"""Human Biomonitoring Initiative (HBM4EU) - Strategy to derive HBM Guidance Values (HBM-GVs) for health risk assessment"" ",FEB. 2020 (accepted 1 Sept.2020),5,,,https://doi.org/10.1016/j.ijheh.2020.113622,International Journal of Hygiene and Environmental Health,"Petra Apel, Christophe Rousselle, Rosa Lange, Fatoumata Sissoko, Marike Kolossa-Gehring, Eva Ougier",petra.apel@uba.de,Open access. PDF - Free,,,,,,,,,
34,13-Oct-20,,Exposure to Perflouroalkyl Acids and foetal and maternal thyroid status: a review,accepted 4 June,WP13/14,,,https://doi.org/10.1186/s12940-020-00647-1,"Environmental Health volume 19, Article number: 107 (2020) ","Sophie A. H. Boesen, Manhai Long, Maria Wielsøe, Vicente Mustieles, Mariana F. Fernandez, Eva C. Bonefeld-Jørgensen",Eva C. Bonefeld-Jørgensen: ebj@ph.au.dk,Open access. PDF - Free,,,,,,,,,
35,14-Oct-20,,Receptor-based in vitro activities to assess human exposure to chemical mixtures and related health impacts,"Oct. 2, 2020",WP14-WP16,,,https://www.sciencedirect.com/science/article/pii/S0160412020321462?via%3Dihub ,"Environment International (Volume 146, January 2021, 106191)","Anne Marie Vinggaard, Eva Cecilie Bonefeld-Jørgensen, Tina Kold Jensen, Mariana F. Fernandez, Anna Kjerstine Rosenmai, Camilla Taxvig, Andrea Rodriguez-Carrillo, Maria Wielsøe, Manhai Long, Nicolas Olea, Jean-Philippe Antignac, Timo Hamers, Marja Lamoree",annv@food.dtu.dk,Open access. PDF - Free,,,,,,,,,
36,20-Nov-20,,"Biomarkers, matrices and analytical methods targeting human exposure to chemicals selected for a European human biomonitoring initiative",19 AUG 2020,WP9,,,https://doi.org/10.1016/j.envint.2020.106082,Environment International,"Katrin Vorkamp, Argelia Castaño, Jean-Philippe Antignac, Luis D. Boadad, Enrique Cequiere, Adrian Covaci, Marta Esteban López, Line S. Haug, Monika Kasper-Sonnenberg, Holger M. Koch, Octavio Pérez Luzardo, Agnese Os?te, Loïc Rambaud, Maria-Teresa Pinorini, Gabriele Sabbioni, Cathrine Thomsen",kvo@envs.au.dk,"posted on: Facebook, Twitter ",,,,,,,,,
37,09-Dec-20,,A call for urgent action to safeguard our planet and our health in line with the helsinki declaration,04-Dec-20,See note I put in the cell.,,,https://doi.org/10.1016/j.envres.2020.110600,Environmental Research,"Jaana I. Halonena, Marina Erhola, Eeva Furman, Tari Haahtela, Pekka Jousilahti, Robert Barouki, Åke Bergman, Nils E. Billo, Richard Fuller, Andrew Haines, Manolis Kogevinas, Marike Kolossa-Gehring, Kinga Krauze, Timo Lanki, Joana  Lobo Vicente, Peter Messerli, Mark Nieuwenhuijsen, Riikka Paloniemi, Annette Peters, Karl-Heinz Posch, Pekka Timonen, Roel Vermeulen, Suvi M. Virtanen, Jean Bousquet, Josep M.Antó",jaana.halonen@thl.fi,Open access. PDF - Free,,,,,,,,,
38,09-Dec-20,,Non-targeted screening methodology to characterise human internal chemical exposure: application to halogenated compounds in human milk.,4 DEC 2020,WP16,,,https://doi.org/10.1016/j.talanta.2020.121979,Talanta 2021;225:121979,"Pourchet M, Narduzzi L, Jean A, Guiffard I, Bichon E, Cariou R, Guitton Y, Hutinet S, Vlaanderen J, Meijer J, Le Bizec B, Antignac JP.",laberca@oniris-nantes.fr,"posted on: Facebook, Twitter Key research messages? Jean-philippe informed",,,,,,,,,
39,15-Dec-20,,Towards a systematic use of effect biomarkers in population and occupational biomonitoring missing on the website,30/10/2020,WP14,,,https://www.sciencedirect.com/science/article/pii/S0160412020322121?via%3Dihub,ENVINT-D-20-00827R1,"Maryam Zare Jeddi, Nancy B. Hopf, Susana Viegas, Anna Bal Price, Alicia Paini, Christoph van Thriel, Emilio Benfenati, Sophie Ndaw, Jos Bessems, Peter A. Behnisch, Gabriele Leng, Radu-Corneliu Duca, Hans Verhagen, Francesco Cubadda, Lorraine Brennan, Imran Ali, Arthur David, Vicente Mustieles, Mariana F. Fernandez, Henriqueta Louro, Robert Pasanen-Kase",robert.pasanen-kase@seco.admin.ch,Open access. PDF - Free sent key messages on the 29/04,,,,,,,,,
40,26-Dec-20,,A Phased Approach for preparation and organization of human biomonitoring studies,13/12/2020,WP8/WP7,,,https://doi.org/10.1016/j.ijheh.2020.113684,,"Ulrike Fiddicke, L. Kim Pack, Hanna Tolonen, Ovnair Sepai, Marta Esteban López, Argelia Castaño, Greet Schoeters, Marike Kolossa-Gehring",ulrike.fiddicke@uba.de,Open access. PDF - Free,,,,,,,,,
41,30-Dec-20,,Human biomonitoring initiative (HBM4EU): Human biomonitoring guidance values (HBM-GVs) derived for cadmium and its compounds,FEB. 2020,WP5,,,https://doi.org/10.1016/j.envint.2020.106337,Environment International,"Farida Lamkarkach, Eva Ougier, Robert Garnier, Claude Viau, Marike Kolossa-Gehring, Rosa Lange, Petra Apel","Not sure who is the corresponding author. I will email Marike Kolossa-Gehring, Rosa Lange",Open access. PDF - Free,,,,,,,,,
42,11-Jan-21,,Assessment of chemical mixtures using biomarkers of combined biological activity: A screening study in human placentas,JAN. 2021,WP14,,,https://doi.org/10.1016/j.reprotox.2021.01.002,Reproductive Toxicology,"Andrea Rodríguez-Carrillo, Anna Kjerstine Rosenmai, Vicente Mustieles, Stephan Couderq, Jean-Baptiste Fini, Fernando Vela-Soria, Jose Manuel Molina-Molina, Patricia Ferrando-Marco, Eva Cecilie Bonefeld-Jorgensen, Nicolás Olea, Anne Marie Vinggaard, Mariana F. Fernández",vmustieles@ugr.es; marieta@ugr.es;,"posted on: Facebook, Twitter key research message sent 2/09/2021",,,,,,,,,
43,16-Jan-21,,Environmental Substances Associated with Osteoporosis–A Scoping Review,FEB. 2020,WP11,,,https://doi.org/10.3390/ijerph18020738,"Int. J. Environ. Res. Public Health 2021, 18(2), 738","Hanna Elonheimo, Rosa Lange, Hanna Tolonen and Marike Kolossa-Gehring", hanna.elonheimo@thl.fi,"posted on: Facebook, Twitter. She sent key research messages 19/05/2021 ",,,,,,,,,
44,25-Jan-21,,Towards harmonised criteria in quality assurance and quality control of suspect and non-target LC-HRMS analytical workflows for screening of emerging contaminants in human biomonitoring (was not include in the Science Digest June)- catherine no action needed,??,WP16,,,https://doi.org/10.1016/j.trac.2021.116201,"TrAC Trends in Analytical Chemistry, Volume 136, March 2021, 116201","Noelia Caballero-Casero, Lidia Belova, Philippe Vervliet, Jean-Philippe Antignac, Argelia Castaño, Laurent Debrauwer, Marta  Esteban López, Carolin Huber, Jana Klanova, Martin Krauss, Arjen Lommen, Hans G.J. Mol, Herbert Oberacher, Olga Pardo, Elliott J. Price, Vera Reinstadler, Chiara  Maria Vitale, Alexander L.N. van Nuijs, Adrian Covaci",,"posted on: Facebook, Twitter Jean-Philippe is informed. This publication is missing in the Science Digest June!",,,,,,,,,
45,01-Feb-21,,Scoping review – the association between asthma and environmental chemicals,MAY 2020,WP11,,,https://doi.org/10.3390/ijerph18031323,Int J Env Res Public Health 2021,"Tiina Mattila, Tiina Santonen, Helle Raun Andersen, Andromachi Katsonouri, Tamás Szigeti, Maria Uhl, Wojciech W?sowicz, Rosa Lange, Beatrice Bocca, Flavia Ruggieri, Marike Kolossa-Gehring, Denis A. Sarigiannis and Hanna Tolonen",tiina.mattila@thl.fi ,"posted on: Facebook, Twitter ",,,,,,,,,
46,05-Feb-21,,"Chemical Exposure: European Citizens’ Perspectives, Trust, and Concerns on Human Biomonitoring Initiatives, Information Needs, and Scientific Results",27 JAN 2021,WP4,,,https://doi.org/10.3390/ijerph18041532,Int. J. Environ. Res. Public Health 2021,"Maria Uhl, Ricardo R. Santos, Joana Costa, Osvaldo Santos, Ana Virgolino, David S. Evans, Cora Murray, Maurice Mulcahy, Dorothy Ubong, Ovnair Sepai, Joana Lobo Vicente, Michaela Leitner, Silvia Benda-Kahri and Daniela Zanini-Freitag",maria.uhl@umweltbundesamt.at (M.U.); daniela.zanini-freitag@umweltbundesamt.at,"posted on: Facebook, Twitter ",,,,,,,,,
47,09-Mar-21,,The European Human Biomonitoring Initiative (HBM4EU): Human biomonitoring guidance values for selected phthalates and a substitute plasticizer,18 FEB 2021,WP5,,,https://doi.org/10.1016/j.ijheh.2021.113722,International Journal of Hygiene and Environmental Health,"Rosa Lange, Petra Apel, Christophe Rousselle, Sandrine Charles, Fatoumata Sissoko, Marike Kolossa-Gehring, Eva Ougier",rosa.lange@uba.de,"posted on: Facebook, Twitter ",,,,,,,,,
48,11-Mar-21,,Biomarkers of effect as determined in human biomonitoring studies on hexavalent chromium and cadmium in the period 2008-2020,5 MARCH 2021,WP14,,claudia.gundacker@meduniwien.ac.at; m.joao.silva@insa.min-saude.pt,https://doi.org/10.1016/j.envres.2021.110998,Environ Research,"Célia Ventura, Bruno Costa Gomes, Axel Oberemm, Henriqueta Louro, Pasi Huuskonen, Vicente Mustieles, Mariana F. Fernández, Sophie Ndaw, Marcel Mengelers, Mirjam Luijten, Claudia Gundacker, Maria João Silva",claudia.gundacker@meduniwien.ac.at; m.joao.silva@insa.min-saude.pt,"posted on: Facebook, Twitter ",,,,,,,,,
,23-Mar-21,,Urinary metabolites of non-persistent pesticides and serum hormones in Spanish adolescent males. ,,WP14,,,doi:10.1016/j.envres.2021.111016,Environ Res,"Freire C, Suárez B, Vela-Soria F, Castiello F, Reina-Pérez I, Andersen HR, Olea N, Fernández MF",cfreire@ugr.es; marieta@ugr.es,Marieta sent me the key research messagesin September 2021                                                                                                                                       -    publication added on website,,,,,,,,,
49,24-Mar-21,,A Suspect Screening Database for Chemicals of Emerging Concern in Exposome Research.,6 March 2021,WP16,,,. https://www.sciencedirect.com/science/article/pii/S0160412021001367,"Environment International, 2021 in press","Meijer J, Lamoree M, Hamers T, Antignac JP, Hutinet S, Debrauwer L, Covaci A, Huber C, Krauss M, Walker DI, Schymanski EL, Vermeulen R, Vlaanderen J. ",j.j.vlaanderen@uu.nl,"posted on: Facebook, Twitter Key messages? Jean-Philippe is informed",,,,,,,,,
50,10-Apr-21,,Endocrine disrupting potential of replacement flame retardants – review of current knowledge for nuclear receptors associated with reproductive outcomes,29 MARCH 2021,WP13-WP14,,,https://doi.org/10.1016/j.envint.2021.106550,"Environment International - Volume 153, August 2021, 106550","Lola Bajard, Chander K. Negi, Vicente Mustieles, Lisa Melymuk, Stéphane Jomini,  Johanna Barthelemy-Berneron, Mariana F. Fernandez, Ludek Blaha",ludek.blaha@recetox.muni.cz,"posted on: Facebook, Twitter ",,,,,,,,,
51,15-Apr-21,,Systemic PFOS and PFOA exposure and disturbed lipid homeostasis in humans: what do we know and what not?,5 FEB 2021,14-15,,, https://doi.org/10.1080/10408444.2021.1888073,Critical Reviews in Toxicology,"Styliani Fragki, Hubert Dirven,Tony Fletcher, Bettina Grasl-Kraupp, Kristine Bjerve Gützkow, Ron Hoogenboom, Sander Kersten, Birgitte Lindeman, Jochem Louisse, Ad Peijnenburg, Aldert H. Piersma, Hans M. G. Princen, Maria Uhl, Joost Westerhout, Marco J. Zeilmaker & Mirjam Luijten ",stella.fragki@rivm.nl,"posted on: Facebook, Twitter ",,,,,,,,,
52,23-Apr-21,,The European human biomonitoring platform - Design and implementation of a laboratory quality assurance/quality control (QA/QC) programme for selected priority chemicals,10 MARCH 2021,9,,,https://doi.org/10.1016/j.ijheh.2021.113740,"International Journal of Hygiene and Environmental Health - Volume 234, May 2021, 113740","Marta Esteban López, Thomas Göen, Hans Mol, Stefanie Nübler, Karin Haji-Abbas-Zarrabi, Holger  M. Koch, Monika Kasper-Sonnenberg, Darina Dvorakova, Jana Hajslova, Jean-Philippe Antignac, Vincent Vaccher, Ingrid Elbers, CathrineThomsen, Katrin Vorkamp, Susana Pedraza – Díaz, Marike Kolossa-Gehring, Argelia Castaño",castano@isciii.es; m.esteban@isciii.es,"posted on: Facebook, Twitter ",,,,,,,,,
53,23-Apr-21,,Human biomonitoring initiative (HBM4EU): Human biomonitoring guidance values (HBM-GVs) derived for bisphenol A,7 APRIL 2021,WP5,,,https://doi.org/10.1016/j.envint.2021.106563,"Environment International, Volume 154, September 2021, 106563","Eva Ougier, Florence Zeman, Jean-Philippe Antignac, Christophe Rousselle, Rosa Lange, Marike Kolossa-Gehring, Petra Apel",,"posted on: Facebook, Twitter ",,,,,,,,,
54,02-Jun-21,,Chemical prioritisation strategy in the European Human Biomonitoring Initiative (HBM4EU) – Development and results,25 MAY 2021,4,,,https://doi.org/10.1016/j.ijheh.2021.113778,International Journal of Hygiene and Environmental Health,"Eva Ougier,  Catherine Ganzleben, Pierre Lecoq,  Jos Bessems, Madlen David, Greet Schoeters, Rosa Lange, Matthieu Meslin, Maria Uhl, Marike Kolossa-Gehring, Christophe Rousselle, Joana Lobo Vicente",eva.ougier@anses.fr,"posted on: Facebook, Twitter ",,,,,,,,,
55,01-Apr-18,,Thyroid-disrupting chemicals and brain development: an update,?,14,,,https://doi.org/10.1530/EC-18-0029,in Endocrine Connections,"Bilal B Mughal, Jean-Baptiste Fini, Barbara A Demeneix",bdem@mnhn.fr,"posted on: Facebook, Twitter ",,,,,,,,,
56,18-Jun-21,,Reproductive Health Risks Associated with Occupational and Environmental Exposure to Pesticides,14-Jun-21,WP13,,, https://www.mdpi.com/1660-4601/18/12/6576,International Journal of Environmental Research and Public Health,"Aleksandra Fucic, Radu C. Duca, Karen S. Galea, Tihana Maric, Kelly Garcia, Michael S. Bloom, Helle R. Andersen and John E. Vena",afucic@imi.hr,"posted on: Facebook, Twitter ",,,,,,,,,
57,23-Jun-21,,Concentrations of perfluoroalkyl substances in donor breast milk in Southern Spain and their potential determinants,14-Jun-21,wp14,,,https://doi.org/10.1016/j.ijheh.2021.113796,Int J Hyg Environ Health,"Serrano L, Iribarne-Durán LM, Suárez B, Artacho-Cordón F, Vela-Soria F, Peña- Caballero M, Hurtado JA, Olea N, Fernández MF, Freire C",cfreire@ugr.es; marieta@ugr.es,Marieta sent emt he key research messages in September 2021                                                       -    publication added on website,,,,,,,,,
,10-Mar-21,,Challenges to Evidence Synthesis and Identification of Data Gaps in Human Biomonitoring,07-Mar-21,7,,,https://www.ncbi.nlm.nih.gov/pmc/articles/PMC8000824/,Int J Environ Res Public Health.,"Ana Virgolino, Osvaldo Santos, Joana Costa, Mónica Fialho, Ivo Iavicoli, Tiina Santonen, Hanna Tolonen, Evangelia Samoli , Klea Katsouyanni, Georgios Baltatzis, Flavia Ruggieri, Annalisa Abballe, Ida Petrovi?cová, Branislav Kolena, Miroslava Šidlovská, Carla Ancona, Ivan Eržen, Ovnair Sepai, Argelia Castaño, Marike Kolossa-Gehring  Ulrike Fiddicke",avirgolino@medicina.ulisboa.pt,,,,,,,,,,
,26-Aug-21,,"HBM4EU combines and harmonises human biomonitoring data across the EU, building on existing capacity – The HBM4EU survey",14-Jul-21,8,,,https://www.sciencedirect.com/science/article/pii/S1438463921001243,International Journal of Hygiene and Environmental Health ,"Liese Gilles, Eva Govarts, Loïc Rambaud, Nina Vogel, Argelia Castaño, Marta Esteban López, Laura Rodriguez Martin, Gudrun Koppen, Sylvie Remy, Martine Vrijheid, Parisa Montazeri, Laura Birks, Ovnair Sepai, Lorraine Stewart, Ulrike Fiddicke, Ilse Loots, Lisbeth E. Knudsen, Marike Kolossa-Gehring, Greet Schoeters",liese.gilles@vito.be,,,,,,,,,,
,01-Sep-21,,BDNF as a potential mediator between childhood BPA exposure and behavioral function in adolescent boys from the INMA-Granada cohort missing in the website,25-Aug-21,14,,,https://www.sciencedirect.com/science/article/pii/S0048969721050890,Science of The Total Environment,"Vicente Mustieles, Andrea Rodríguez-Carrillo, Fernando Vela-Soria, Shereen Cynthia D'Cruz, Arthur David, Fatima Smagulova, Antonio Mundo-López, Alicia Olivas-Martínez, Iris Reina-Pérez, Nicolás Olea, Carmen Freire, Juan P. Arrebolam, Mariana F. Fernández ","vmustieles@ugr.es (V. Mustieles), fervs@ugr.es (F. Vela-Soria), marieta@ugr.es (M.F. Fernández).",,,,,,,,,,
,04-Sep-21,04-Sep-21,NOn-targeted screening methodology to characterise human internal chemical exposure: application to halogenated compounds in human milk.,26-Aug-21,8,wp8,,10.1016/j.envres.2021.111984,Environmental Research,"Tiina Santonen, Simo P. Porras, Beatrice Bocca, Radia Bousoumah, Radu Corneliu Duca, Karen S. Galea, Lode Godderis, Thomas Göen, Emilie Hardy, Ivo Iavicoli, Beata Janasik, Kate Jones, Elizabeth Leese, Veruscka Leso, Henriqueta Louro, Nicole Majery, Sophie Ndaw, Hermínia Pinhal, Flavia Ruggieri, Maria J. Silva, An van Nieuwenhuyse, Jelle Verdonck, Susana Viegas, Wojciech Wasowicz, Ovnair Sepai, Paul T. J. Scheepers, HBM4EU chromates study team",tiina.santonen@ttl.fi,,,,,,,,,,
,05-Apr-21,,"Biomonitoring of occupational exposure to bisphenol A, bisphenol S and bisphenol F: a systematic review",29-Mar-21,8,,,https://www.sciencedirect.com/science/article/pii/S0048969721019756,Science of The Total Environment,"Radia Bousoumah, Veruscka Leso, Ivo Iavicoli, Pasi Huuskonen, Susana Viegas, Simo P. Porras, Tiina Santonen, Nadine Frery, Alain Robert, Sophie Ndaw",radia.bousoumah@inrs.fr,nned to contat her. She doesn’t know anythign about the key research messages.,,,,,,,,,
,25-Sep-21,,A human biomonitoring (HBM) Global Registry Framework: Further advancement of HBM research following the FAIR principles,25-Aug-21,4 and 5 ,,,A human biomonitoring (HBM) Global Registry Framework: Further advancement of HBM research following the FAIR principles - ScienceDirect,International Journal of Hygiene and Environmental Health,"Maryam Zare Jeddi, Ana Virgolino, Peter Fantke, Nancy B. Hopf, Karen S. Galea, Sylvie Remy, Susana Viegas, Vicente Mustieles, Mariana F. Fernandez, Natalie von Goetz, Joana Lobo Vicente, Jaroslav Slobodnik, Loïc Rambaud, Sébastien Denys,  Annie St-Amand,  Shoji F. Nakayama,  Tiina Santonen,  Robert Barouki, Robert Pasanen-Kase, Hans G.J.Mol,  Theo Vermeire,  Kate Jones ,  Maria João Silva, Henriqueta Louro, Hilko van der Voet, Radu-Corneliu Duca, Hans Verhagen, Cristina Canova,  Jacob van Klaveren, Marike Kolossa-Gehring, Jos Bessems",maryam.zare.jeddi@rivm.nl,"not posted on social media. This is not a DM publication, no research messages are needed!",,,,,,,,,
,23-Jun-21,,Improving the Screening Analysis of Pesticide Metabolites in Human Biomonitoring by Combining High-Throughput In Vitro Incubation and Automated LC–HRMS Data Processing,08-Jun-21,16,,,https://pubs.acs.org/doi/10.1021/acs.analchem.1c00972,Analytical chemistry ?,"Carolin Huber, Erik Müller, Tobias Schulze, Werner Brack, and Martin Krauss",,,,,,,,,,,
,25-Jan-21,,A Towards harmonized criteria in Quality Assurance and Quality Control of suspect and non-target LC-HRMS analytical workflows for screening of emerging contaminants in human biomonitoring,?,16,,,https://doi.org/10.1016/j.trac.2021.116201,Trac Trends in Analytical Chemistry 2021;136:116201,"Caballero-Casero N, Belova L, Vervliet P, Oberacher H, Huber C, Krauss M, Klanova J, Debrauwer L, Antignac JP, van Nuijs ALN, Covaci A",,,,,,,,,,,
,13-Oct-21,,"Lead (Pb) and neurodevelopment: A review on exposure and biomarkers of effect (BDNF, HDL) and susceptibility (SCIENCE DIGEST october) missing on the website",01-Oct-21,14,,,https://doi.org/10.1016/j.ijheh.2021.113855,International Journal of Hygiene and Environmental Health,"Claudia Gundacker, Martin Forsthuber, Tamás Szigeti, Réka Kakucs, Vicente Mustieles, Mariana F. Fernandez, Elizabeth Bengtsen, Ulla Vogel, Karin Sørig Hougaard, Anne Thoustrup Saber",,not posted on social media Missing on the website,,,,,,,,,
,28-Oct-21,,"Exploring the relationship between metal exposure, BDNF, and behavior in adolescent males (Science Digest October) missing on the website",22-Oct-21,14,,,https://doi.org/10.1016/j.ijheh.2021.113877,International Journal of Hygiene and Environmental Health,"Andrea Rodríguez-Carrillo, Vicente Mustieles, Shereen Cynthia D'Cruz, Louis Legoff, Fernando Gil, Pablo Olmedo, IrisReina-Pérez, Antonio Mundo, Marina Molina, Fatima Smagulova, Arthur David, Carmen Freire, Mariana F. Fernández",,not posted on social media Missing on the website,,,,,,,,,
,30-Oct-21,,AOP-helpFinder webserver: a tool for comprehensive analysis of the literature to support adverse outcome pathways development (Science Digest November) missing on the website,27-Oct-21,13,,,https://doi.org/10.1093/bioinformatics/btab750,"Bioinformatics, btab750","Florence Jornod, Thomas Jaylet, Ludek Blaha, Denis Sarigiannis, Luc Tamisier, Karine Audouze",,not posted on social media/ Missing on the website,,,,,,,,,
,10-Dec-21,,Metabolic Syndrome and Endocrine Disrupting Chemicals: An Overview of Exposure and Health Effects,09-Dec-21,,,,https://doi.org/10.3390/ijerph182413047,Int. J. Environ. Res. Public Health,"Elsi Haverinen, Mariana F. Fernandez,Vicente Mustieles and Hanna Tolonen",,"Hopefully the correct ones - Catherine - 2 publications from Science Digest December missing here, but they are on the website - could you please incude them here?",,,,,,,,,
,11-Nov-21,,Environmental Substances Associated with Alzheimer’s Disease—A Scoping Review,06-Nov-21,,,,https://doi.org/10.3390/ijerph182211839,Int. J. Environ. Res. Public Health,"Hanna Maria Elonheimo, Helle Raun Andersen, Andromachi Katsonouri and Hanna Tolonen",,"Hopefully the correct ones - Catherine - 2 publications from Science Digest December missing here, but they are on the website - could you please incude them here?",,,,,,,,,
,05-Oct-21,,"Human Biomonitoring Guidance Values (HBM-GVs) derived for the aprotic solvents N-methyl-2-pyrrolidone (NMP) and N-ethyl-2-pyrrolidone (NEP) (from october, this needs to be added) that was missing here and also missing on the website",02-Oct-21,,,,https://doi.org/10.1016/j.ijheh.2021.113856,International Journal of Hygiene and Environmental Health,"Madlen David, Antje Gerofke, Rosa Lange, Marike Kolossa-Gehring, Petra Apel",,,,,,,,,,,
,04-Sep-21,,"HBM4EU chromates study - Overall results and recommendations
for the biomonitoring of occupational exposure to hexavalent chromium (catherine, couldn’t find it in this excel and in the website neither) - please complete also here",26-Aug-21,,,,https://www.sciencedirect.com/science/article/pii/S0013935121012792,Environmental Research,"TiinaSantonen, Simo P. Porras, Beatrice Bocca, Radia Bousoumah, Radu Corneliu Duca, Karen S. Galea, Lode Godderis, Thomas Göen, Emilie Hardy, Ivo Iavicoli, Beata Janasik, Kate Jones. Elizabeth Leese, Veruscka Leso, Henriqueta Louro, Nicole Majery, Sophie Ndaw, Hermínia Pinhal, Flavia Ruggieri, Maria J. Silva, An van Nieuwenhuyse, Jelle Verdonck, Susana Viegas, Wojciech Wasowicz, Ovnair Sepai, Paul T.J. Scheepers.","HBM4EU chromates study team: Kukka Aimonen, Guillaume Antoine, Rob Anzion, Manuella Burgart, Argelia Castaño, Andrea Cattaneo, Domenico Maria Cavallo, Giuseppe De Palma, Flavien Denis, Angela Gambelunghe, Bruno Gomes, Ogier Hanser, Riikka Helenius, Carina Ladeira, Marta  Esteban López, Piero Lovreglio, Philippe Marsan, Mathieu Melczer, Ana Nogueira, Elisabeta Pletea, Katrien Poels, Jouko Remes, Edna Ribeiro, Sílvia Reis Santos, Françoise Schaefers, Sally Spankie, Robert Spoek, Mohamed Rizki, Davy Rousset, Maurice van Dael, Henna Veijalainen",,,,,,,,,,
,13-Apr-21,,"Burden of osteoporosis and costs associated with human biomonitored cadmium exposure in three European countries: France, Spain and Belgium (please complete) also needs to be uploaded on the website",24-Mar-21,WP5,,,https://pubmed.ncbi.nlm.nih.gov/33862487/,International Journal of Hygiene and Environmental Health,"Eva Ougier, Karine Fiore, Christophe Rousselle, Ricardo Assunção, Carla Martins, Jurgen Buekers",,,,,,,,,,,
,20-Jul-21,,"Interlaboratory comparison investigations (ICIs) and external quality assurance schemes (EQUASs) for flame retardant analysis in biological matrices: Results from the HBM4EU project ( catherine, I couldn’t not find it here or on the website)",13-Jul-21,,,,https://doi.org/10.1016/j.envres.2021.111705,Environmental Research,"Darina Dvorakova, Jana Pulkrabova, Tomas Gramblicka, Andrea Polachova, Martina Buresova, Marta Esteban López, Argelia Castaño, Stefanie Nübler, Karin Haji-Abbas-Zarrabi, Nadine Klausner, Thomas Göen, Hans Mol, Holger M Koch, Vincent Vaccher, Jean-Philippe Antignac, Line Småstuen Haug, Katrin Vorkamp, Jana Hajslova",,,,,,,,,,,
,10-Mar-21,,"""Interlaboratory Comparison Investigations (ICI) and External Quality Assurance Schemes (EQUAS) for Cadmium in urine and blood: results from the HBM4EU project"" (it was not here and not on the website)",14-Nov-20,WP9,9,,https://www.sciencedirect.com/science/article/pii/S1438463921000249,International Journal of Hygiene and Environmental Health,"Stefanie Nübler, Marta Esteban López, Argelia Castaño, Hans Mol, Moritz Schäfer, Karin Haji-Abbas-Zarrabi, Daniel Bury, Holger M. Koch, Vincent Vaccher, Jean-Philippe Antignac, Darina Dvorakova, Jana Hajslova, Cathrine Thomsen, Katrin Vorkamp, Thomas Göen",,,,,,,,,,,
,06-Nov-19,,"Statement on advancing the assessment of chemical mixtures and their risks for human health and the environment (its on the website, but could not find it in the excel) - now updated/crb",13-Oct-19,,,,https://doi.org/10.1016/j.envint.2019.105267,Environment International,"Elina Drakvik, Rolf Altenburger, Yasunobu Aoki, Thomas Backhaus, Tina Bahadori, Robert Barouki, Werner Brack, Mark T.D. Cronin, Barbara Demeneix, Susanne Hougaard Bennekou, Jacob van Klaveren, Carsten Kneuer, Marike Kolossa-Gehring, Erik Lebret, Leo Posthuma, Lena Reiber, Cynthia Rider, Joëlle Rüegg, Giuseppe Testa, Bart van der Burg, Hilko van der Voet, A. Michael Warhurst, Bob van de Water, Kunihiko Yamazaki, Mattias Öberg, Åke Bergman",,,,,,,,,,,
,05-Oct-20,,Estimating human exposure to pyrethroids' mixtures from biomonitoring data using physiologically based pharmacokinetic modeling.,29-Sep-20,,,,10.1016/j.envres.2020.110281,Environmental Research,Paul Quindroit; Amélie Crépet; Céline Brochot,,,,,,,,,,,
,31-Dec-21,,The questionnaire design process in the European Human Biomonitoring Initiative (HBM4EU),26-Dec-21,,,,10.1016/j.envint.2021.107071,Environment International,"Beatriz Gonzalez-Alzaga, Antonio F. Hernandez, L. Kim Pack, Ivo Iavicoli, Hanna Tolonen, Tiina Santonen, Marco Vinceti, Tommaso Filippini, Hanns Moshammer, Nicole Probst-Hensch, Marike Kolossa-Gehring, Marina Lacasana",,,,,,,,,,,
,09-Dec-21,,HBM4EU Occupational Biomonitoring Study on e-Waste—Study Protocol,01-Dec-21,,,,10.3390/ijerph182412987,International Journal of Environmental Research and Public Health,"Paul T. J. Scheepers, Radu Corneliu Duca, Karen S. Galea, Lode Godderis, Emilie Hardy, Lisbeth E. Knudsen, Elizabeth Leese, Henriqueta Louro, Selma Mahiout, Sophie Ndaw, Katrien Poels, Simo P. Porras, Maria J. Silva, Ana Maria Tavares, Jelle Verdonck, Susana Viegas, Tiina Santonen, HBM4EU e-Waste Study Team",,,,,,,,,,,
,10-Feb-21,,Network Analysis to Identify Communities Among Multiple Exposure Biomarkers Measured at Birth in Three Flemish General Population Samples,15-Jan-21,,,,10.3389/fpubh.2021.590038,Frontiers in Public Health,"Ilse Ottenbros, Eva Govarts, Erik Lebret, Roel Vermeulen, Greet Schoeters, Jelle Vlaanderen",,,,,,,,,,,
,06-Feb-20,,Time course of phthalate cumulative risks to male developmental health over a 27-year period: Biomonitoring samples of the German Environmental Specimen Bank,03-Jan-20,,,,10.1016/j.envint.2020.105467,Environment International,"Petra Apel, Andreas Kortenkamp, Holger M. Koch, Nina Vogel, Maria Rüther, Monika Kasper-Sonnenberg, Andre Conrad, Thomas Brüning, Marike Kolossa-Gehring",,,,,,,,,,,
,19-Feb-22,,Using Human Biomonitoring Data to Support Risk Assessment of Cosmetic Ingredients—A Case Study of Benzophenone-3,16-Feb-22,WP5,,,https://doi.org/10.3390/toxics10020096, Toxics,"Christophe Rousselle, Matthieu Meslin, Tamar Berman, Marjolijn Woutersen, Wieneke Bil, Jenna Wildeman, Qasim Chaudhry",,"posted on: Facebook, Twitter ",,,,,,,,,
,01-Mar-22,,The Association between ADHD and Environmental Chemicals—A Scoping Review,22-Feb-22,WP11 ,,,https://doi.org/10.3390/ijerph19052849,International Journal of Environmental Research and Public Health,"Sonja Moore, Laura Paalanen, Lisa Melymuk, Andromachi Katsonouri, Marike Kolossa-Gehring, Hanna Tolonen",,"posted on: Facebook, Twitter ",,,,,,,,,
,25-Mar-22,,Environmental Substances Associated with Chronic Obstructive Pulmonary Disease—A Scoping Review,23-Mar-22,WP11,,,https://doi.org/10.3390/ijerph19073945,"Int. J. Environ. Res. Public Health 2022, 19, 3945","Hanna Maria Elonheimo, Tiina Mattila, Helle Raun Andersen, Beatrice Bocca, Flavia Ruggieri, Elsi Haverinen and Hanna Tolonen ",,"posted on: Facebook, Twitter ",,,,,,,,,
,19-Mar-22,,"HBM4EU Chromates Study: Determinants of Exposure to Hexavalent Chromium in Plating, Welding and Other Occupational Settings",17-Mar-22,WP8,,,https://doi.org/10.3390/ijerph19063683,"Int. J. Environ. Res. Public Health 2022, 19(6), 3683","Susana Viegas, Carla Martins, Beatrice Bocca, Radia Bousoumah, Radu Corneliu Duca, Karen S. Galea, Lode Godderis, Ivo Iavicoli, Beata Janasik, Kate Jones, Elizabeth Leese, Veruscka Leso, Sophie Ndaw, An van Nieuwenhuyse, Katrien Poels, Simo P. Porras, Flavia Ruggieri, Maria João Silva, Jelle Verdonck, Wojciech Wasowicz, Paul T. J. Scheepers, Tiina Santonen andHBM4EU Chromates Study Team",,"posted on: Facebook, Twitter ",,,,,,,,,
,29-Mar-22,,What is required to combine human biomonitoring and health surveys?,22-Mar-22,WP11,,,https://doi.org/10.1016/j.ijheh.2022.113964,Int J Hyg Environ Health. 2022 Mar 29;242:113964,"Hanna Tolonen, Sonja Moore, Dominik Lermen, Ana Virgolino, Lisbeth E Knudsen, Anna-Maria Andersson, Loïc Rambaud, Carla Ancona, Marike Kolossa-Gehring ",,"posted on: Facebook, Twitter ",,,,,,,,,
,18-Jan-22,,Critical review of analytical methods for the determination of flame retardants in human matrices,02-Jul-21,,,,https://doi.org/10.1016/j.aca.2021.338828,"Analytica Chimica Acta, Vol. 1193, 8 February 2022, 338828","Parvaneh Hajeb, Argelia Castaño, Enrique Cequier, Adrian Covaci, Marta Esteban López, Ana Gonzalez Antuña, Line Småstuen Haug, Luis Alberto Henríquez-Hernández, Lisa Melymuk, Octavio Pérez Luzardo, Cathrine Thomsen, Katrin Vorkamp",,,,,,,,,,,
,,,,,,,,,International Journal of Hygiene and Environmental Health,"Liese Gilles, Eva Govarts, Loïc Rambaud, Nina Vogel, Argelia Castaño, Marta Esteban López, Laura Rodriguez Martin, Gudrun Koppen, Sylvie Remy, Martine Vrijheid, Parisa Montazeri, Laura Birks, Ovnair Sepai, Lorraine Stewart, Ulrike Fiddicke, Ilse Loots, Lisbeth  E. Knudsen, Marike Kolossa-Gehring, Greet Schoetersj",,Not yet posted on Facebook and Twitter (8/09),,,,,,,,,
,,,,,,,,,,,,,,,,,,,,,
,,,,,,,,,,,,,,,,,,,,,
,,,,,,,,,,,,,,,,,,,,,
,,,,,,,,,,,,,,,,,,,,,
,,,,,,,,,,,,,,,,,,,,,
,,,,,,,,,,,,,,,,,,,,,
,,,,,,,,,,,,,,,,,,,,,
,,,,,,,,,,,,,,,,,,,,,
,,,,,,,,,,,,,,,,,,,,,
,,,,,,,,,,,,,,,,,,,,,
,,,,,,,,,,,,,,,,,,,,,
,,,,,,,,,,,,,,,,,,,,,
,,,,,,,,,,,,,,,,,,,,,
,,,,,,,,,,,,,,,,,,,,,
,,,,,,,,,,,,,,,,,,,,,
,,,,,,,,,,,,,,,,,,,,,
,,,,,,,,,,,,,,,,,,,,,
,,,,,,,,,,,,,,,,,,,,,
,,,,,,,,,,,,,,,,,,,,,
,,,,,,,,,,,,,,,,,,,,,
,,,,,,,,,,,,,,,,,,,,,
,,,,,,,,,,,,,,,,,,,,,
,,,,,,,,,,,,,,,,,,,,,
,,,,,,,,,,,,,,,,,,,,,
,,,,,,,,,,,,,,,,,,,,,
,,,,,,,,,,,,,,,,,,,,,
,,,,,,,,,,,,,,,,,,,,,
,,,,,,,,,,,,,,,,,,,,,
,,,,,,,,,,,,,,,,,,,,,
,,,,,,,,,,,,,,,,,,,,,
,,,,,,,,,,,,,,,,,,,,,
,,,,,,,,,,,,,,,,,,,,,
,,,,,,,,,,,,,,,,,,,,,
,,,,,,,,,,,,,,,,,,,,,
,,,,,,,,,,,,,,,,,,,,,
,,,,,,,,,,,,,,,,,,,,,
,,,,,,,,,,,,,,,,,,,,,
,,,,,,,,,,,,,,,,,,,,,
,,,,,,,,,,,,,,,,,,,,,
,,,,,,,,,,,,,,,,,,,,,
,,,,,,,,,,,,,,,,,,,,,
,,,,,,,,,,,,,,,,,,,,,
,,,,,,,,,,,,,,,,,,,,,
,,,,,,,,,,,,,,,,,,,,,
,,,,,,,,,,,,,,,,,,,,,
,,,,,,,,,,,,,,,,,,,,,
,,,,,,,,,,,,,,,,,,,,,
,DM sent out for MB approval. Awaiting submission to journal,,,,,,,,,,,,,,,,,,,,
,9,ISCIII,"Human biomonitoring – a review of biomarkers, matrices and analytical methods targeting human exposure to six compound groups and two heavy metals",Before summer?,9,,"Argelia, Marta, etc…",e-mails? Argelia: castano@isciii.es; Marta: m.esteban@isciii.es,,,,,,,,,,,,,
,11,UGR,Exposure to Perfluoroalkyl Acids and Thyroid homeostasis: Review on epidemiological studies,06/05/2019,14,Environmental Health. Submission by end May 19.,Marieta,,,,,,,,,,,,,,
,13,,Scientific review on occupational HBM studies on phthalates,17/10/2019,8,Journal of Toxicology and Env Health part B.,Authors? See here ->,nadine.frery@santepubliquefrance.fr,,,,,,,,,,,,,
,14,,"""AOP4pest : Mapping of pesticides into Adverse Outcome Pathways using a text mining tool""",07/01/2020,13,Bioinformatics,Ludek as WPL. Corresponding author karine.audouze@univ-paris-diderot.fr,"Summary received, but as the paper is still being reviewed, perhaps we should hold off on using it until it has. Revised version to be sent",,,,"Ludek: 48 - in progress, Karine Audouze recently reported they work on it",,,,,,,,,
,16,UBA," ""Human Biomonitoring Initiative (HBM4EU): Human Biomonitoring Guidance Values for selected phthalates and a substitute”",FEB. 2020,WP5/WPL5:,Environment International,Corresponding author: rosa.lange@uba.de ,,,,,,,,,,,,,,
,,,,,,,Corresponding author            eva.ougier@anses.fr,,,,,,,,,,,,,,
,18,ANSES & UBA,"""Human Biomonitoring Initiative (HBM4EU): Human Biomonitoring Guidance Values derived for BPA"" ",FEB. 2020,WP5/WPL5:,Environment International,Corresponding author:             eva.ougier@anses.fr,"published? yes, this is published, see link https://www.sciencedirect.com/science/article/pii/S0160412021001884 Is it the same as nr.51 above?",,,,,,,,,,,,,
,19, ,"""Common Adverse Outcome Pathway for toxic metals inducing nephrotoxicity”. ",MAR.20,WP15,,WPL: mirjam.luijten@rivm.nl,,,,,"Besides Andreas (Task leader), also Ludek and Denis (AOPs) as well as the CGLs for the metals included in the case study have been informed about this publication",,,,,,,,,
,20,"NPHC, Medical University of Vienna, University of Granada, National Research Centre for the Working Environment","""Biomarkers of effect in human biomonitoring studies on lead (Pb), a review"",",FEB. 2020,WP 15/WP14,"Environmental Health, Environmental Research, or Biomarkers (not yet published)","Claudia Gundacker, Anne Thoustrup Saber, Elizabeth Bengtsen, Ulla Vogel, Tamás Szigeti, Réka kakucs, Vicente Mustieles, Marieta fernández, ",,,,,,,,,,,,,,
,21,"Section of Toxicology and Risk Assessment, Department of Environmental Health, Norwegian Institute of Public Health","“Oxidative stress biomarkers in human studies on bisphenols""",FEB. 2020,WP 14,International Journal of Environmental Research and Public Health (not yet published),"Inger-Lise Steffensen, Hubert Dirven, Tim Hofer               inger-lise.steffensen@fhi.no, hubert.dirven@fhi.no, tim.hofer@fhi.no",,,,,,,,,,,,,,
,22,"THL, UBA",The European Human Biomonitoring platform - design and implementation of a laboratory QA/QC programme for selected priority chemicals,Mar-21,WP9,The Archives of osteoporosis or European Journal of Public Health or Scandinavian Journal of Public Health. (Not yet published),"Hanna Elonheimo (Finnish Institute for Health and Welfare, THL), Rosa Lange (German Environment Agency, UBA), Hanna Tolonen (Finnish Institute for Health and Welfare, THL)",Now published (see above). Can be deleted from here?,,,,"Accepted, but most likely not published yet. See e-mail from Roser/Marta 18 MARCH",,,,,,,,,
,23,"Aristotle University of Thessaloniki, Greece, HERACLES Research Center on the Exposome and Health, Greece, UBA, VITO, IUSS, Science, Technology and Society Department, Environmental Health Engineering, ANSES","""Development of a Physiology Based BioKinetic model for Copper""",FEB. 2020,WP 12,,"Dimosthenis A. Sarigiannis, Eva Ougier, Matthieu Meslin, Eva Govarts, Lena Reiber, Ioannis Petridis, Alberto Gotti, Spyros Karakitsios",,,,,,,,,,,,,,
,25,,"""Oxidative stress biomarkers in human studies on bisphenols”.",MAR.20,WP14,Int J of Env Res and Pub Health,WPL: marieta@ugr.es,,,,,,,,,,,,,,
,27,,Bioassay activities to direct the analysis for human health effects and exposure assessment ,APR.20,WP16/WP14,,,,,"Anne Marie Vinggaarda,#, Eva Cecilie Bonefeld-Jørgensenb, Tina Kold Jensenc, Mariana F. Fernandezd,e, Anna Kjerstine Rosenmaia, Camilla Taxviga, Andrea Rodriquezd, Maria Wielsøeb, Manhai Longb, Nicolas Olead,e, Jean-Philippe Antignacf, and Marja Lamoreeg ",Jean-Philipp,,,,,,,,,,
,28,,Assessment of chemical mixtures using biomarkers of combined biological activity: Screening study with human placentas,For decision on the agenda during MB meeting May 2020,WP14,,,,,"Andrea Rodríguez-Carrillo, Anna Kjerstine Rosenmai, Vicente Mustieles, Stephan Couderq, Jean-Baptiste Fini, Fernando Vela-Soria, Jose Manuel Molina-Molina, Patricia Ferrando-Marco, Eva Cecilie Bonefeld-Jorgensen, Nicolás Olea, Anne Marie Vinggaard, Mariana F. Fernández",,,,,,,,,,,
,29,,,,,,,,,,,,,,,,,,,,
,30,,Determination of perfluoroalkyl substances in placenta using a simple extraction procedure suitable for exposure assessment,For decision on the agenda during MB meeting May 2020,WP14/16,,,,,,,,,,,,,,,,
,31,,Application of differential network techniques to human biomonitoring data from three Belgium general population birth cohorts,For decision on the agenda during MB meeting May 2020,W15,,,,,,,,,,,,,,,,
,32,,,,,,,,,,,,,,,,,,,,
,34,,"Citizens’ perspectives toward human exposure to chemicals and human biomonitoring: perceptions of threats, scientific-knowledge translation and trust in human biomonitoring initiatives",For written decision to the MB in May 2020,WP4,,,"This has already been published, it can be removed from here",,"Maria Uhl, Ricardo Santos, Ana Virgolino, Osvaldo Santos, Joana Costa, David Evans, Cora Murray, Dorothy Ubong, Ovnair Sepai, Joana Lobo Vicente, Michaela Leitner, Silvia Benda-Kahri, Daniela Zanini-Freitag",,"publication of the results of the focus groups in Austria, Ireland, Portugal and the UK (following WP 4). Submitted in December 2020. Awaiting for review process.",,,,,,,,,
,35,,A European proposal for Quality Assurance and Quality Control of non-targeted LC-MS analytical workflows focused on emerging contaminants identification in human matrices. An essential tool for the Exposome,18/07/2020,WP16/WPL16,,,,,"Noelia Caballero-Casero, Lidia Belova, Philippe Vervliet, Hans Mol, Olga Pardo, Argelia Castaño, Herbert Oberacher, Martin Krauss, Jana Klanova, Laurent Debrauwer, Jean-Philippe Antignac, Alexander L.N. van Nuijs, Adrian Covaci",,,,,,,,,,,
,36,,the development of a Phases Concept to support the development and conduct of HBM studies,17/07/2020,WP7/WPL7,,,,,"Ulrike Fiddicke, L. Kim Pack, Hanna Tolonen, Marta Estaban Lopéz, Greet Schoeters, Argelia Castaño Calvo, Marike Kolossa-Gehring",,,,,,,,,,,
,37,,the workflow strategy of aggregation and curation of a database of emerging chemicals for the purpose of suspect screening in human biological samples,15/07/2020,WP16/WPL16,,,,,"Jeroen Meijer, Marja Lamoree, Timo Hamers, Jean-Philippe Antignac, Laurent Debrauwer, Adrian Covaci, Carolin Huber, Martin Krauss, Douglas I. Walker, Emma Schymanski, Roel Vermeulen, Jelle Vlaanderen",,,,,,,,,,,
,,,,,,,,,,,,,,,,,,,,,
,39,,Added value of combining health examination surveys and human biomonitoring studies,For written decision until 7 November 2020 / approved for publication,WP11,,,,,"Stine A Holmboe (RegionH), Anna-Maria Andersson (RegionH), Sonia Namorado (INSA), Loïc Rambaud (Sante Public France/ANSP), Madlen David (UBA), Tamar Berman (MOHIL), Hanna Tolonen (THL)",,,,,,,,,,,
,40,,,,,,,,,,,,,,,,,,,,
,41,,,,,,,,,,,,,,,,,,,,
,42,, PFAS exposure and immune cell counts in adults,Approved 22 Oct. 2020,WP13,,,,,,,,,,,,,,,,
,,,Urinary levels of BPA among European women and major determinants,19 NOV. 2020,WP10,,,,,"Romuald Tagne-Fotso, Margaux Riou, Abdessattar Saoudi, Abdelkrim Zeghnoun, Anna-Maria Andersson, Tamar Berman, Hanne Frederiksen, Agneta Akesson, Marika Berglund, Pierre Biot, Argelia Castaño, Adrian Covaci, Elly Den Hond, Marta Esteban-Lopez, Eva Govarts, Arno C. Gutleb, Christina Hartmann, Lisbeth E. Knudsen, Tina Kold-Jensen, Marike Kolossa-Gehring, Gudrun Koppen, Tina Kosjek, Nathalie Lambrechts, Rosemary McEachan, Parisa Montazeri, Laura Rodriguez-Martin, Amrit Shaki, Janja Snoj-Tratnik, Maria Uhl, Jose Urquiza, Marina Vafeiadi, An Van Nieuwenhuyse, Martine Vrijheid, Till Weber, Marie-Christine de Wolf, Loïc Rambaud",,,,,,,,,,,
,,,Cadmium exposure among European residents and its geographical variability,19 NOV. 2020,WP10,,,,,"Janja Snoj Tratnik, David Kocman, Milena Horvat, Anna Pino, Alessandro Alimonti, Beatrice Bocca, Daniela Mattei, Agnes Šömen Joksi?, Katja Rostohar, Carla Ancona, Lisa Bauleo, Beata Janasik, Wojciech Wasowicz, Loreta Strumylaite, Rima Kregzdyte, Rebeca Ramis, Elly Den Hond, Till Weber, Nina Vogel, Marina Lacasana, Beatriz Gonzalez, Alzaga Catherine Pirard, Corinne Charlier, Parisa Montazeri, Susana Gros, Milada Eštóková, Michal Jajcaj, ?ubica Murínová, Vlasta Mašánová, Eva Govarts, Jurgen Buekers, Greet Schoeters, Bert Morrens, Yue Gao, Lisbeth Patteet, Milena ?erná, Andrea Krsková, Peter Rudnai, Szilvia Középesy, Marika Berglund, Emilie Helte, Fabio Barbone,Valentina Rosolen, Marika Mariuz, Zdravko Špiri?, Igor Prpi?, Sheena Nakou, Katia Sofianou",,,,,,,,,,,
,,,Temporal and geographical trends of legacy flame retardants in maternal milk: a meta-analysis of global records from 1972-2018,19 NOV. 2020,WP10,,,,,"Lisa Melymuk, Jiri Kalina, Karel Conka, Beata Drobna, Cathrine Thomsen, Karin Leander",,,,,,,,,,,
,,,Geographic variations and exposure determinants in PAHs in the European population,19 NOV. 2020,WP10,,,,,"D.A. Sarigiannis, S. Karakitsios, I. Petridis, co-authors from participating studies",,,,,,,,,,,
,,,PFASs levels and exposure determinants in vulnerable population groups,19 NOV. 2020,WP10,,,,,"Fábelová L., Richterová D., Rausová K., Palkovi?ová Murínová ?., Zaros C., Dereumeaux C., Villanger G.D., Ferguson K., Småstuen Haug L., Govarts E., Colles A., Schoeters G., Schettgen T., Den Hond E., Morrens B., Delsager L., Kold-Jensen T., Santa-Marina L., Irizar A., Vrijheid M., Casa M., Lopez Espinosa M.J., Beneito A.",,,,,,,,,,,
,,,Time trends in Cat A & B phthalates in Danish and German Young Adults between 2000 and 2017,19 NOV. 2020,WP10,,,,,"Nina Vogel, Hanne Frederiksen, Rosa Lange, Niels Jørgensen, Till Weber, Anna-Maria Andersson, Marike Kolossa-Gehring",,,,,,,,,,,
,,,"Phthalate Exposure of Children, Adolescents and Adults Since 2005 in Europe: A Harmonised Approach Based on Existing Data in the HBM4EU Initiative",19 NOV. 2020,WP10,,,,,"Nina Vogel, Rosa Lange, co-authors from participating studies",,,,,,,,,,,
,,,Exposure determinants of Cat A and Cat B phthalates in Europe population,19 NOV. 2020,WP10,,,,,"Zanna Martinsone, Nina Vogel, Rosa Lange, co-authors from participating studies",,,,,,,,,,,
,,,Time trends and current exposure to acrylamide exposure in European countries,19 NOV. 2020,WP10,,,,,"Michael Poteser, Hanns Moshammer, Thomas Schettgen, Federica Laguzzi, co-authors from participating studies, …",,,,,,,,,,,
,,,Analysing exposure determinants and associations with effect biomarkers/health effects for arsenic,19 NOV. 2020,WP10,,,,,"Sylvie Remy, Jurgen Buekers, co-authors from participating studies, …",,,,,,,,,,,
,,,Spatial and temporal trends in Hg exposure across EU,19 NOV. 2020,WP10,,,,,"Janja Snoj Tratnik, Ajda Trdin, Milena Horvat, Andromachi Katsonouri, Eleni Anastasi, Susana Pedraza Diaz, Eva Patricia Soto Antonio, Nina Vogel, Martine Vrijheid , Parisa Montazeri, …, co-authors from participating studies",,,,,,,,,,,
,,,Estimating internal Hg levels by using non-invasive matrices and factors affecting the predictive potential,19 NOV. 2020,WP10,,,,,"Susana Pedraza-Diaz, Eva Patricia Soto Antonio, Marta Esteban López, Juan P. Arrebola, Ana I. Cañas, Nina Vogel, Janja Snoj Tratnik, Ajda Trdin, Milena Horvat, Eva Govarts, Andromachi Katsonouri, …co-authors from participating studies…, Argelia Castaño",,,,,,,,,,,
,,,Human Biomonitoring of mycotoxins in Europe: exposure determinants and geographical variability,19 NOV. 2020,WP10,,,,,"Elsa Vasco, Ricardo Assunção, Sónia Namorado, Paula Alvito, co-authors from participating studies",,,,,,,,,,,
,,,"Exposure levels of glyphosate, pyrethroids, and organophosphates including chlorpyrifos in EU – an overview of existing Human Biomonitoring studies published since 2000",19 NOV. 2020,WP10,,,,,"Helle Raun Andersen, Loïc Rambaud, Margaux Riou, Jurgen Buekers, Sylvie Remy, Tamar Berman, Eva Govarts",,,,,,,,,,,
,,,Description of exposure levels and identification of determinants for pyrethroids within European cohorts,19 NOV. 2020,WP10,,,,,"Margaux Riou, Abdelkrim Zeghnoun, Abdessattar Saoudi, Sylvie Remy, Jurgen Buekers, Eva Govarts, Helle Raun Andersen, Parisa Montazeri, Joanna Jurewicz, Joan O. Grimalt, Konstantinos Makris, Ingrid Ruthy, Bartosz Wielgomas, Jan-Paul Zock, Nina Vogel, Loïc Rambaud",,,,,,,,,,,
,,,Description of exposure levels and identification of determinants for glyphosate within Flemish and German studies,19 NOV. 2020,WP10,,,,,"Jurgen Buekers, Eva Govarts, Margaux Riou, Loïc Rambaud, Helle Raun Andersen, , Parisa Montazeri, …, co-authors from participating studies, …, Sylvie Remy",,,,,,,,,,,
,,,Added value of combining health examination surveys and human biomonitoring studies,07 NOV. 2020,WPL11,,,,,"Stine A Holmboe (RegionH), Anna-Maria Andersson (RegionH), Sonia Namorado (INSA), Loïc Rambaud (Sante Public France/ANSP), Madlen David (UBA), Tamar Berman (MOHIL), Hanna Tolonen (THL)",,,,,,,,,,,
,,,"Burden of osteoporosis and costs associated with human biomonitored cadmium exposure in three European countries: France, Spain and Belgium",30 OCT. 2020,WP5,,,,,"Eva Ougier, Karine Fiore, Christophe Rousselle, Ricardo Assunção, Carla Martins, Jurgen Buekers",,,,,,,,,,,
,,,Questionnaire designing process in the frame of the European Initiative of Human Biomonitoring-HB4MEU.,10 NOV. 2020,WP7,,,,,"Beatriz González-Alzaga, Antonio F. Hernández, L. Kim Pack, Ulrike Fiddicke, Marina Lacasaña",,,,,,,,,,,
,,,"""European interlaboratory comparison investigations (ICI) and external quality assurance schemes (EQUAS) for bisphenols analysis human urine: results from the HBM4EU project""",14-Nov-20,WP9,,,,,,,,,,,,,,,,
,,,"""European interlaboratory comparison investigations (ICI) and external quality assurance schemes (EQUAS) for phthalate and DINCH biomarkers in human urine: results from the HBM4EU project""",14-Nov-20,WP9,,,,,,,,,,,,,,,,
,,,,,,,,,,,,,,,,,,,,,
,,,"""Interlaboratory Comparison Investigations (ICI) & External Quality Assurance Schemes (EQUAS) for Brominated and Organophosphorus Flame Retardants Analysis in Biological Matrices: Results from the HBM4EU Project"".",14-Nov-20,WP9,,,,,,,,,,,,,,,,
,roser,,Reflection and lessons learnt from designing and undertaking a collaborative European biomonitoring study on occupational exposure to hexavalent chromium,18-Dec-20,WPL8/task 8.5,,,I need to move this up,HBM4EU chromates study - Reflection and lessons learnt from designing and undertaking a collaborative European biomonitoring study on occupational exposure to hexavalent chromium - ScienceDirect,"Galea KS, Porras SP, Viegas S, Alimonti A, Bocca B, Duca RC, Godderis L, Göen T, Iavicoli I, Janasik B, Jones K, Knudsen LE, Leese E, Leso V, Louro H, Ndaw S, Ruggieri F, Sepai O, Scheepers PTJ, Silva MJ, Wasowicz W, Santonen T. - Dr. K.S. Galea",,,,,,,Karen Galea <karen.Galea@iom-world.org>,,,,
,,,"to review the challenges of identifying the existing data and data gaps regarding Human Biomonitoring (HBM) studies, provided by WPL7",05/01/2021,WP7,,,,,,,,,,,,,,,,
,,,,05/01/2021,WP5,,,,,,,,,,,,,,,,
,,,,,,,,,,,,,,,,,,,,,
,,,,,,,,,,,,,,,,,,,,,
,roser,,,,WP16,,,,,"Caballero-Casero N, Belova L, Vervliet P, Oberacher H, Huber C, Krauss M, Klanova J, Debrauwer L, Antignac JP, van Nuijs ALN, Covaci A",,,,,,,,,,,
,roser,,LC-HRMS based non-targeted screening approach applied to placenta samples for characterizing the human external chemical exposure during the perinatal period,,wp16,,,submitted,,,,,,,,,,,,,
,roser,,In-Silico Deconjugation of Glucuronide Conjugates Enhances Tandem Mass Spectra Library Annotation of Human Samples. Analytical and Bioanalytical Chemistry,,wp16,,,submitted,,,,,,,,,,,,,
